model,condition,n,accuracy,lo,hi,fixed,broken,net,p_mcnemar_vs_C0,p_mcnemar_vs_C2,p_holm_vs_C0
flan_t5_base,C0,200,0.46,0.39,0.535,0,0,0,,,
flan_t5_base,C1,200,0.505,0.435,0.57,21,12,9,0.16275565745308995,0.2892437471090205,1.0
flan_t5_base,C2,200,0.55,0.49,0.62,41,23,18,0.0327657590988232,,0.29489183188940876
flan_t5_base,C3,200,0.475,0.409875,0.545,33,30,3,0.8013064925040663,0.053438810537711046,1.0
flan_t5_base,C4,200,0.52,0.445,0.585,35,23,12,0.14800580076020603,0.5044037600228255,1.0
flan_t5_base,C5,200,0.085,0.05,0.125,6,81,-75,7.034485519207362e-18,6.000391589473104e-26,9.14483117496957e-17
flan_t5_base,C6,200,0.13,0.085,0.175,8,74,-66,1.647020623262653e-14,2.5032559976926473e-20,1.9764247479151834e-13
flan_t5_base,C7,200,0.42,0.355,0.49,26,34,-8,0.36629400670329104,0.0005354355028570622,1.0
flan_t5_base,vote_clean_bm25,200,0.455,0.39,0.5151249999999999,42,43,-1,1.0,0.03192716208321237,1.0
flan_t5_base,vote_clean_pagerank,200,0.425,0.359875,0.49,39,46,-7,0.5154257318839004,0.004065116124638666,1.0
flan_t5_base,vote_clean_uniform,200,0.445,0.375,0.52,41,44,-3,0.8284232741648999,0.01861775143319464,1.0
flan_t5_base,vote_poisoned_bm25,200,0.195,0.14,0.25,19,72,-53,1.9671283608760123e-08,2.3063087011549717e-15,1.9671283608760124e-07
flan_t5_base,vote_poisoned_pagerank,200,0.12,0.075,0.165,14,82,-68,7.242756461984744e-13,9.434630025061117e-20,7.967032108183219e-12
flan_t5_base,vote_poisoned_uniform,200,0.36,0.3,0.425,32,52,-20,0.03752953363441315,2.5291102564670602e-05,0.3002362690753052
flan_t5_large,C0,100,0.52,0.42,0.62,0,0,0,,,
flan_t5_large,C1,100,0.67,0.58,0.76,20,5,15,0.004077315330505371,0.6900379657745361,0.03669583797454834
flan_t5_large,C2,100,0.7,0.62,0.79,31,13,18,0.009559878856634896,,0.07519393219098447
flan_t5_large,C3,100,0.68,0.58,0.77,29,13,16,0.019520472782460274,0.8318119049072266,0.09760236391230137
flan_t5_large,C4,100,0.68,0.59,0.77,26,10,16,0.011330984183587134,0.8388197422027588,0.07519393219098447
flan_t5_large,C5,100,0.19,0.11,0.27,6,39,-33,5.417768988991156e-07,8.881784197001252e-16,5.959545887890272e-06
flan_t5_large,C6,100,0.3,0.21,0.39,13,35,-22,0.0020881073339964478,4.209852022540872e-09,0.020881073339964477
flan_t5_large,C7,100,0.57,0.48,0.67,19,14,5,0.48685024166479707,0.03508203336969018,0.5057394603352066
flan_t5_large,vote_clean_bm25,100,0.43,0.33,0.5202499999999998,20,29,-9,0.2528697301676033,9.848878492846323e-05,0.5057394603352066
flan_t5_large,vote_clean_pagerank,100,0.39,0.3,0.49,18,31,-13,0.08543313315739454,9.263546409954415e-06,0.34173253262957815
flan_t5_large,vote_clean_uniform,100,0.4,0.31,0.49,19,31,-12,0.11892045255943628,2.3861331676755526e-05,0.35676135767830885
flan_t5_large,vote_poisoned_bm25,100,0.14,0.08,0.21,4,42,-38,5.100190492157708e-09,3.1762786845135338e-15,6.12022859058925e-08
flan_t5_large,vote_poisoned_pagerank,100,0.1,0.05,0.16,4,46,-42,4.461782054931973e-10,2.2562247209423347e-16,5.800316671411565e-09
flan_t5_large,vote_poisoned_uniform,100,0.33,0.23,0.42024999999999973,15,34,-19,0.009399241523873059,2.3683513772354559e-07,0.07519393219098447
flan_t5_small,C0,300,0.30666666666666664,0.25666666666666665,0.36,0,0,0,,,
flan_t5_small,C1,300,0.24,0.19,0.29,23,43,-20,0.01865726035402101,0.019520472782460274,0.11194356212412605
flan_t5_small,C2,300,0.29333333333333333,0.24333333333333335,0.3466666666666667,29,33,-4,0.7035366713552733,,1.0
flan_t5_small,C3,300,0.31,0.25666666666666665,0.36008333333333326,29,28,1,1.0,0.5113757815852296,1.0
flan_t5_small,C4,300,0.30333333333333334,0.25333333333333335,0.3534166666666666,26,27,-1,1.0,0.755228657504631,1.0
flan_t5_small,C5,300,0.19666666666666666,0.15333333333333332,0.24,14,47,-33,2.7191876822818543e-05,8.171334999262925e-05,0.00027191876822818545
flan_t5_small,C6,300,0.20666666666666667,0.15991666666666668,0.25333333333333335,13,43,-30,7.333218396948782e-05,0.0005354355028570622,0.0006599896557253904
flan_t5_small,C7,300,0.28,0.23,0.33,25,33,-8,0.358143301806138,0.617719317029696,1.0
flan_t5_small,vote_clean_bm25,300,0.4766666666666667,0.42,0.5333333333333333,91,40,51,9.79572915081534e-06,1.1402294032528225e-06,0.00011754874980978409
flan_t5_small,vote_clean_pagerank,300,0.44666666666666666,0.39658333333333334,0.5033333333333333,85,43,42,0.0002585265972682698,5.103265178960251e-05,0.0020682127781461584
flan_t5_small,vote_clean_uniform,300,0.4666666666666667,0.41,0.5234166666666665,87,39,48,2.281957001659448e-05,5.876389856455313e-06,0.00025101527018253926
flan_t5_small,vote_poisoned_bm25,300,0.21,0.16666666666666666,0.25666666666666665,44,73,-29,0.009340760589436566,0.0165058557016076,0.06538532412605597
flan_t5_small,vote_poisoned_pagerank,300,0.13,0.09666666666666666,0.16674999999999993,25,78,-53,1.6099271769508826e-07,6.404732398670512e-07,2.0929053300361475e-06
flan_t5_small,vote_poisoned_uniform,300,0.35333333333333333,0.2966666666666667,0.4033333333333333,70,56,14,0.2467062471894179,0.12032782773865805,1.0
