model,cond,acc,C1_acc,delta_vs_C1,p_vs_C1,p_holm
flan_t5_base,C2,0.55,0.505,0.04500000000000004,0.2892437471090205,1.0
flan_t5_base,C3,0.475,0.505,-0.030000000000000027,0.49661743531793345,1.0
flan_t5_base,C4,0.52,0.505,0.015000000000000013,0.7913664277791806,1.0
flan_t5_base,C5,0.085,0.505,-0.42,2.531301921382976e-23,5.31573403490425e-22
flan_t5_base,C6,0.13,0.505,-0.375,2.428370408743998e-17,4.856740817487996e-16
flan_t5_base,C7,0.42,0.505,-0.08500000000000002,0.027008317653722358,0.378116447152113
flan_t5_base,C3 vs C4 (trust vs shuffled),0.475,0.52,-0.04500000000000004,0.2624375357110438,1.0
flan_t5_large,C2,0.7,0.67,0.029999999999999916,0.6900379657745361,1.0
flan_t5_large,C3,0.68,0.67,0.010000000000000009,1.0,1.0
flan_t5_large,C4,0.68,0.67,0.010000000000000009,1.0,1.0
flan_t5_large,C5,0.19,0.67,-0.48000000000000004,6.123990203832363e-13,1.163558138728149e-11
flan_t5_large,C6,0.3,0.67,-0.37000000000000005,1.2115257419509362e-07,2.180746335511685e-06
flan_t5_large,C7,0.57,0.67,-0.10000000000000009,0.052478790283203125,0.6822242736816406
flan_t5_large,C3 vs C4 (trust vs shuffled),0.68,0.68,0.0,1.0,1.0
flan_t5_small,C2,0.29333333333333333,0.24,0.053333333333333344,0.019520472782460274,0.2928070917369041
flan_t5_small,C3,0.31,0.24,0.07,0.0030876764615186394,0.05249049984581687
flan_t5_small,C4,0.30333333333333334,0.24,0.06333333333333335,0.009399241523873059,0.15038786438196894
flan_t5_small,C5,0.19666666666666666,0.24,-0.043333333333333335,0.05325191409792752,0.6822242736816406
flan_t5_small,C6,0.20666666666666667,0.24,-0.033333333333333326,0.14330665429588407,1.0
flan_t5_small,C7,0.28,0.24,0.040000000000000036,0.11892045255943628,1.0
flan_t5_small,C3 vs C4 (trust vs shuffled),0.31,0.30333333333333334,0.006666666666666654,0.8679394004284404,1.0
